{
  "token_acc":1.0,
  "token_p":1.0,
  "token_r":1.0,
  "token_f":1.0,
  "spans_sc_p":0.7900843882,
  "spans_sc_r":0.6651865009,
  "spans_sc_f":0.7222757956,
  "spans_sc_per_type":{
    "nam_liv_person":{
      "p":0.8923076923,
      "r":0.8268839104,
      "f":0.8583509514
    },
    "nam_loc_gpe_admin2":{
      "p":0.8571428571,
      "r":0.7058823529,
      "f":0.7741935484
    },
    "nam_loc_gpe_city":{
      "p":0.7876106195,
      "r":0.8090909091,
      "f":0.798206278
    },
    "nam_org_institution":{
      "p":0.6822429907,
      "r":0.5328467153,
      "f":0.5983606557
    },
    "nam_adj":{
      "p":0.5263157895,
      "r":0.4,
      "f":0.4545454545
    },
    "nam_pro_title_document":{
      "p":0.8076923077,
      "r":0.4468085106,
      "f":0.5753424658
    },
    "nam_loc_gpe_country":{
      "p":0.9230769231,
      "r":0.9032258065,
      "f":0.9130434783
    },
    "nam_oth_tech":{
      "p":0.8461538462,
      "r":0.3333333333,
      "f":0.4782608696
    },
    "nam_org_group_team":{
      "p":0.8674698795,
      "r":0.8674698795,
      "f":0.8674698795
    },
    "nam_eve_human_sport":{
      "p":0.75,
      "r":0.6486486486,
      "f":0.6956521739
    },
    "nam_loc_land_island":{
      "p":1.0,
      "r":0.125,
      "f":0.2222222222
    },
    "nam_fac_goe":{
      "p":0.5714285714,
      "r":0.4444444444,
      "f":0.5
    },
    "nam_loc_hydronym_river":{
      "p":0.8823529412,
      "r":0.652173913,
      "f":0.75
    },
    "nam_loc_historical_region":{
      "p":0.4545454545,
      "r":0.3846153846,
      "f":0.4166666667
    },
    "nam_adj_city":{
      "p":0.8333333333,
      "r":0.8823529412,
      "f":0.8571428571
    },
    "nam_loc_gpe_admin1":{
      "p":0.8461538462,
      "r":0.8048780488,
      "f":0.825
    },
    "nam_pro_award":{
      "p":0.0,
      "r":0.0,
      "f":0.0
    },
    "nam_adj_country":{
      "p":0.7882352941,
      "r":0.7976190476,
      "f":0.7928994083
    },
    "nam_org_political_party":{
      "p":0.9189189189,
      "r":0.8947368421,
      "f":0.9066666667
    },
    "nam_fac_goe_stop":{
      "p":0.0,
      "r":0.0,
      "f":0.0
    },
    "nam_fac_road":{
      "p":0.8421052632,
      "r":0.6956521739,
      "f":0.7619047619
    },
    "nam_org_company":{
      "p":0.7142857143,
      "r":0.5714285714,
      "f":0.6349206349
    },
    "nam_pro_brand":{
      "p":0.4166666667,
      "r":0.2173913043,
      "f":0.2857142857
    },
    "nam_loc_hydronym_ocean":{
      "p":0.0,
      "r":0.0,
      "f":0.0
    },
    "nam_eve_human_cultural":{
      "p":1.0,
      "r":0.0714285714,
      "f":0.1333333333
    },
    "nam_adj_person":{
      "p":0.0,
      "r":0.0,
      "f":0.0
    },
    "nam_org_organization":{
      "p":0.7717391304,
      "r":0.6016949153,
      "f":0.6761904762
    },
    "nam_oth_currency":{
      "p":0.96,
      "r":0.96,
      "f":0.96
    },
    "nam_fac_system":{
      "p":0.0,
      "r":0.0,
      "f":0.0
    },
    "nam_pro_media_periodic":{
      "p":0.7307692308,
      "r":0.5,
      "f":0.59375
    },
    "nam_oth_data_format":{
      "p":0.0,
      "r":0.0,
      "f":0.0
    },
    "nam_pro_software":{
      "p":0.6756756757,
      "r":0.5434782609,
      "f":0.6024096386
    },
    "nam_org_nation":{
      "p":0.8787878788,
      "r":0.6170212766,
      "f":0.725
    },
    "nam_loc_hydronym_sea":{
      "p":0.0,
      "r":0.0,
      "f":0.0
    },
    "nam_pro_title":{
      "p":0.5714285714,
      "r":0.2857142857,
      "f":0.380952381
    },
    "nam_pro_media_tv":{
      "p":0.25,
      "r":0.3333333333,
      "f":0.2857142857
    },
    "nam_oth":{
      "p":0.4666666667,
      "r":0.5384615385,
      "f":0.5
    },
    "nam_loc_gpe_admin3":{
      "p":0.9411764706,
      "r":0.64,
      "f":0.7619047619
    },
    "nam_org_group_band":{
      "p":0.2857142857,
      "r":0.5,
      "f":0.3636363636
    },
    "nam_loc_hydronym_lake":{
      "p":1.0,
      "r":1.0,
      "f":1.0
    },
    "nam_liv_god":{
      "p":0.9,
      "r":0.6428571429,
      "f":0.75
    },
    "nam_loc_gpe_district":{
      "p":1.0,
      "r":0.4,
      "f":0.5714285714
    },
    "nam_org_group":{
      "p":0.6666666667,
      "r":0.1818181818,
      "f":0.2857142857
    },
    "nam_pro_model_car":{
      "p":1.0,
      "r":0.6666666667,
      "f":0.8
    },
    "nam_eve_human":{
      "p":0.4285714286,
      "r":0.2368421053,
      "f":0.3050847458
    },
    "nam_liv_habitant":{
      "p":0.2222222222,
      "r":0.6666666667,
      "f":0.3333333333
    },
    "nam_eve_human_holiday":{
      "p":0.6666666667,
      "r":0.5,
      "f":0.5714285714
    },
    "nam_pro_media_web":{
      "p":0.2142857143,
      "r":0.48,
      "f":0.2962962963
    },
    "nam_loc_land_continent":{
      "p":0.7777777778,
      "r":1.0,
      "f":0.875
    },
    "nam_pro_title_book":{
      "p":0.0,
      "r":0.0,
      "f":0.0
    },
    "nam_oth_license":{
      "p":0.8,
      "r":0.6666666667,
      "f":0.7272727273
    },
    "nam_org_organization_sub":{
      "p":0.0,
      "r":0.0,
      "f":0.0
    },
    "nam_oth_www":{
      "p":0.0,
      "r":0.0,
      "f":0.0
    },
    "nam_loc_land_region":{
      "p":0.5,
      "r":0.6666666667,
      "f":0.5714285714
    },
    "nam_num_house":{
      "p":0.0,
      "r":0.0,
      "f":0.0
    },
    "nam_liv_animal":{
      "p":0.0,
      "r":0.0,
      "f":0.0
    },
    "nam_loc_gpe_subdivision":{
      "p":0.75,
      "r":0.4285714286,
      "f":0.5454545455
    },
    "nam_pro_title_tv":{
      "p":0.0,
      "r":0.0,
      "f":0.0
    },
    "nam_pro_vehicle":{
      "p":0.0,
      "r":0.0,
      "f":0.0
    },
    "nam_eve":{
      "p":1.0,
      "r":1.0,
      "f":1.0
    },
    "nam_fac_bridge":{
      "p":0.0,
      "r":0.0,
      "f":0.0
    },
    "nam_loc_country_region":{
      "p":0.0,
      "r":0.0,
      "f":0.0
    },
    "nam_oth_position":{
      "p":0.0,
      "r":0.0,
      "f":0.0
    },
    "nam_loc_land_mountain":{
      "p":0.6666666667,
      "r":0.3333333333,
      "f":0.4444444444
    },
    "nam_fac_square":{
      "p":0.0,
      "r":0.0,
      "f":0.0
    },
    "nam_loc":{
      "p":0.0,
      "r":0.0,
      "f":0.0
    },
    "nam_pro_media_radio":{
      "p":0.0,
      "r":0.0,
      "f":0.0
    },
    "nam_pro_media":{
      "p":1.0,
      "r":0.3333333333,
      "f":0.5
    },
    "nam_fac_park":{
      "p":0.0,
      "r":0.0,
      "f":0.0
    },
    "nam_loc_land":{
      "p":0.0,
      "r":0.0,
      "f":0.0
    },
    "nam_pro_title_song":{
      "p":0.0,
      "r":0.0,
      "f":0.0
    }
  },
  "speed":3091.4860081719
}